Date,Event,Rating
2011-11-11,WWE SmackDown #639,2950000
2011-11-14,WWE RAW #964,-
2011-11-18,WWE SmackDown #640,2937000
2011-11-21,WWE RAW #965,-
2011-11-25,WWE SmackDown #641,2928000
2011-11-28,WWE RAW #966,-
2011-11-29,WWE SmackDown #642,3052000
2011-12-05,WWE RAW #967,-
2011-12-09,WWE SmackDown #643,3238000
2011-12-13,WWE Tribute to the Troops 2011,2100000
2011-12-16,WWE SmackDown #644,2881000
2011-12-19,WWE RAW #969,4300000
2011-12-23,WWE SmackDown #645,2740000
2011-12-26,WWE RAW #970,-
2011-12-30,WWE SmackDown #646,2822000
2012-01-02,WWE RAW #971,4430000
2012-01-06,WWE SmackDown #647,2589000
2012-01-09,WWE RAW #972,-
2012-01-13,WWE SmackDown #648,3131000
2012-01-16,WWE RAW #973,4290000
2012-01-20,WWE SmackDown #649,3324000
2012-01-23,WWE RAW #974,4620000
2012-01-27,WWE SmackDown #650,3140000
2012-01-30,WWE RAW #975,5220000
2012-02-03,WWE SmackDown #651,3194000
2012-02-06,WWE RAW #976,4619000
2012-02-10,WWE SmackDown #652,3261000
2012-02-13,WWE RAW #977,4620000
2012-02-17,WWE SmackDown #653,2950000
2012-02-20,WWE RAW #978,4629000
2012-02-21,WWE SmackDown #654,2330000
2012-02-27,WWE RAW #979,4650000
2012-03-02,WWE SmackDown #655,2900000
2012-03-05,WWE RAW #980,4609000
2012-03-09,WWE SmackDown #656,3100000
2012-03-12,WWE RAW #981,4820000
2012-03-16,WWE SmackDown #657,2840000
2012-03-19,WWE RAW #982,4380000
2012-03-23,WWE SmackDown #658,2759000
2012-03-26,WWE RAW #983,4443000
2012-03-30,WWE SmackDown #659,2480000
2012-04-02,WWE RAW #984,5015000
2012-04-06,WWE SmackDown #660,2720000
2012-04-09,WWE RAW #985,4290000
2012-04-10,WWE SmackDown #661,2248000
2012-04-16,WWE RAW #986,4390000
2012-04-20,WWE SmackDown #662,2730000
2012-04-23,WWE RAW #987,4380000
2012-04-27,WWE SmackDown #663,2680000
2012-04-30,WWE RAW #988,4880000
2012-05-04,WWE SmackDown #664,2710000
2012-05-07,WWE RAW #989,4310000
2012-05-11,WWE SmackDown #665,2530000
2012-05-18,WWE SmackDown #666,2803000
2012-05-25,WWE SmackDown #667,2630000
2012-05-28,WWE RAW #992,3915000
2012-06-01,WWE SmackDown #668,2557000
2012-06-04,WWE RAW #993,4280000
2012-06-08,WWE SmackDown #669,2480000
2012-06-11,WWE RAW #994,4620000
2012-06-15,WWE SmackDown #670,2410000
2012-06-18,WWE RAW #995,4960000
2012-06-22,WWE SmackDown #671,2970000
2012-06-25,WWE RAW #996,4710000
2012-06-29,WWE SmackDown #672,2630000
2012-07-02,WWE RAW #997,-
2012-07-03,WWE SmackDown #673 - The Great American Bash,2540000
2012-07-09,WWE RAW #998,4410000
2012-07-13,WWE SmackDown #674,2500000
2012-07-16,WWE RAW #999,4880000
2012-07-20,WWE SmackDown #675,2964000
2012-07-23,WWE RAW #1000,6020000
2012-07-27,WWE SmackDown #676,2384000
2012-07-30,WWE RAW #1001,4494000
2012-08-03,WWE SmackDown #677,2783000
2012-08-06,WWE RAW #1002,4370000
2012-08-10,WWE SmackDown #678,2728000
2012-08-13,WWE RAW #1003,4134000
2012-08-17,WWE SmackDown #679,2612000
2012-08-20,WWE RAW #1004,4478000
2012-08-24,WWE SmackDown #680,2587000
2012-08-25,WWE Saturday Morning Slam #1,1126000
2012-08-25,WWE WrestleMania XXVIII: World Television Premiere,2720000
2012-08-27,WWE RAW #1005,4481000
2012-08-31,WWE SmackDown #681,2660000
2012-09-03,WWE RAW #1006,4203000
2012-09-07,WWE SmackDown #682,2954000
2012-09-08,WWE Saturday Morning Slam #3,-
2012-09-10,WWE RAW #1007,4136000
2012-09-14,WWE SmackDown #683,2690000
2012-09-17,WWE RAW #1008,4050000
2012-09-21,WWE SmackDown #684,2861000
2012-09-22,WWE Saturday Morning Slam #5,920000
2012-09-24,WWE RAW #1009,3790000
2012-09-28,WWE SmackDown #685,2630000
2012-10-01,WWE RAW #1010,3500000
2012-10-03,WWE Main Event #1,1390000
2012-10-05,WWE SmackDown #686,2387000
2012-10-06,WWE Saturday Morning Slam #7,1240000
2012-10-08,WWE RAW #1011,4070000
2012-10-10,WWE Main Event #2,1330000
2012-10-12,WWE SmackDown #687,2570000
2012-10-13,WWE Saturday Morning Slam #8,1240000
2012-10-15,WWE RAW #1012,3990000
2012-10-19,WWE SmackDown #688,2933000
2012-10-20,WWE Saturday Morning Slam #9,1120000
2012-10-22,WWE RAW #1013,3550000
2012-10-24,WWE Main Event #4,1351000
2012-10-26,WWE SmackDown #689,2820000
2012-10-27,WWE Saturday Morning Slam #10,165130
2012-10-29,WWE RAW #1014,4100000
2012-10-31,WWE Main Event #5,1206000
2012-11-02,WWE SmackDown #690,2878000
2012-11-03,WWE Saturday Morning Slam #11,1337000
2012-11-05,WWE RAW #1015,4076000
2012-11-06,WWE SmackDown #691,2202000
2012-11-07,WWE Main Event #6,1324000
2012-11-10,WWE Saturday Morning Slam #12,121900
2012-11-12,WWE RAW #1016,4190000
2012-11-14,WWE Main Event #7,1193000
2012-11-16,WWE SmackDown #692,2807000
2012-11-17,WWE Saturday Morning Slam #13,1196000
2012-11-19,WWE RAW #1017,3840000
2012-11-21,WWE Main Event #8,1178000
2012-11-23,WWE SmackDown #693,2572000
2012-11-24,WWE Saturday Morning Slam #14,1095000
2012-11-26,WWE RAW #1018,3920000
2012-11-28,WWE Main Event #9,1254000
2012-11-30,WWE SmackDown #694,2531000
2012-12-03,WWE RAW #1019,3437000
2012-12-05,WWE Main Event #10,1181000
2012-12-07,WWE SmackDown #695,2459000
2012-12-08,WWE Saturday Morning Slam #16,939000
2012-12-10,WWE RAW #1020,3764000
2012-12-12,WWE Main Event #11,600000
2012-12-14,WWE SmackDown #696,2633000
2012-12-17,WWE RAW #1021,3910000
2012-12-18,WWE SmackDown #697,3330000
2012-12-19,WWE Tribute to the Troops 2012,2340000
2012-12-22,WWE Tribute to the Troops 2012,1293000
2012-12-24,WWE RAW #1022,3143000
2012-12-26,WWE Main Event #13,1216000
2012-12-28,WWE SmackDown #698,2660000
2012-12-31,WWE RAW #1023 - Champions Choice,3552000
2013-01-02,WWE Main Event #14,1651000
2013-01-04,WWE SmackDown #699,2721000
2013-01-07,WWE RAW #1024,4420000
2013-01-09,WWE Main Event #15,1600000
2013-01-11,WWE SmackDown #700,3130000
2013-01-14,WWE RAW #1025,4550000
2013-01-16,WWE Main Event #16,1495000
2013-01-18,WWE SmackDown #701,2884000
2013-01-21,WWE RAW #1026,4320000
2013-01-23,WWE Main Event #17,1317000
2013-01-25,WWE SmackDown #702,3029000
2013-01-28,WWE RAW #1027 - RAW Roulette,5020000
2013-01-30,WWE Main Event #18,1671000
2013-02-01,WWE SmackDown #703,2973000
2013-02-04,WWE RAW #1028,4810000
2013-02-06,WWE Main Event #19,1400000
2013-02-08,WWE SmackDown #704,3190000
2013-02-11,WWE RAW #1029,4260000
2013-02-13,WWE Main Event #20,1797000
2013-02-15,WWE SmackDown #705,2682000
2013-02-18,WWE RAW #1030,4662000
2013-02-20,WWE Main Event #21,1548000
2013-02-22,WWE SmackDown #706,2890000
2013-02-25,WWE RAW #1031,4707000
2013-02-27,WWE Main Event #22,1535000
2013-03-01,WWE Social Media SmackDown #707,2818000
2013-03-04,WWE RAW #1032 - Old School,5018000
2013-03-06,WWE Main Event #23,1500000
2013-03-08,WWE SmackDown #708,2840000
2013-03-11,WWE RAW #1033 - Paul Bearer Tribute Show,4813000
2013-03-13,WWE Main Event #24,1358000
2013-03-15,WWE SmackDown #709,2395000
2013-03-18,WWE RAW #1034,4260000
2013-03-20,WWE Main Event #25,1343000
2013-03-22,WWE SmackDown #710,2990000
2013-03-25,WWE RAW #1035,4617000
2013-03-27,WWE Main Event #26,1231000
2013-03-29,WWE SmackDown #711,2851000
2013-04-01,WWE RAW #1036,4305000
2013-04-03,WWE Main Event #27,1140000
2013-04-05,WWE SmackDown #712,2524000
2013-04-08,WWE RAW #1037,4610000
2013-04-10,WWE Main Event #28,1341000
2013-04-12,WWE SmackDown #713,2844000
2013-04-15,WWE RAW #1038,4149000
2013-04-17,WWE Main Event #29,1220000
2013-04-19,WWE SmackDown #714,2590000
2013-04-20,WWE Saturday Morning Slam #35,1006000
2013-04-22,WWE RAW #1039,4400000
2013-04-24,WWE Main Event #30,1390000
2013-04-26,WWE SmackDown #715,2751000
2013-04-29,WWE RAW #1040,4285000
2013-05-01,WWE Main Event #31,1215000
2013-05-03,WWE SmackDown #716,2471000
2013-05-06,WWE RAW #1041,3917000
2013-05-08,WWE Main Event #32,1357000
2013-05-10,WWE SmackDown #717,2530000
2013-05-11,WWE Saturday Morning Slam #38,974000
2013-05-13,WWE RAW #1042,4047000
2013-05-15,WWE Main Event #33,1310000
2013-05-17,WWE SmackDown #718,2435000
2013-05-20,WWE RAW #1043,4227000
2013-05-24,WWE SmackDown #719,2465000
2013-05-27,WWE RAW #1044 - Bret Hart Appreciation Night,3945000
2013-05-31,WWE SmackDown #720,2410000
2013-06-03,WWE RAW #1045,3676000
2013-06-07,WWE SmackDown #721,2626000
2013-06-10,WWE RAW #1046,3990000
2013-06-14,WWE SmackDown #722,2317000
2013-06-17,WWE RAW #1047,4150000
2013-06-21,WWE SmackDown #723,2280000
2013-06-24,WWE RAW #1048,3980000
2013-06-28,WWE SmackDown #724,2259000
2013-07-01,WWE RAW #1049,3960000
2013-07-05,WWE SmackDown #725,2383000
2013-07-08,WWE RAW #1050,4170000
2013-07-12,WWE SmackDown #726,2275000
2013-07-15,WWE RAW #1051,4101000
2013-07-19,WWE SmackDown #727,2577000
2013-07-22,WWE RAW #1052,4005000
2013-07-26,WWE SmackDown #728,2650000
2013-07-28,WWE Total Divas on E! #1 - Welcome to WWE,1340000
2013-07-29,WWE RAW #1053,3768000
2013-08-02,WWE SmackDown #729,2746000
2013-08-03,WWE WrestleMania XXIX: World Television Premiere,1920000
2013-08-04,WWE Total Divas on E! #2 - A Tango with Fandango,1526000
2013-08-05,WWE RAW #1054,4178000
2013-08-09,WWE SmackDown #730,2490000
2013-08-11,WWE Total Divas on E! #3 - Planet Funk is Funked Up,1671000
2013-08-12,WWE RAW #1055,4111000
2013-08-16,WWE SmackDown #731,240000
2013-08-19,WWE RAW #1056,4298000
2013-08-23,WWE SmackDown #732,2572000
2013-08-26,WWE RAW #1057,4190000
2013-08-28,WWE Main Event #48,-
2013-08-30,WWE SmackDown #733,2794000
2013-09-02,WWE RAW #1058,3937000
2013-09-06,WWE SmackDown #734,2467000
2013-09-09,WWE RAW #1059,3885000
2013-09-13,WWE SmackDown #735,2827000
2013-09-16,WWE RAW #1060,4013000
2013-09-18,WWE Main Event #51,1227000
2013-09-20,WWE SmackDown #736,2602000
2013-09-23,WWE RAW #1061,3739000
2013-09-25,WWE Main Event #52,1236000
2013-09-27,WWE SmackDown #737,2631000
2013-09-30,WWE RAW #1062,3583000
2013-10-02,WWE Main Event #53,1519000
2013-10-04,WWE SmackDown #738,2513000
2013-10-07,WWE RAW #1063,3706000
2013-10-09,WWE Main Event #54,1076000
2013-10-11,WWE SmackDown #739,2453000
2013-10-14,WWE RAW #1064,3992000
2013-10-16,WWE Main Event #55,1400000
2013-10-18,WWE SmackDown #740,2640000
2013-10-21,WWE RAW #1065,3825000
2013-10-23,WWE Main Event #56,1437000
2013-10-25,WWE SmackDown #741,2681000
2013-10-28,WWE RAW #1066,4155000
2013-10-30,WWE Main Event #57,1372000
2013-11-01,WWE SmackDown #742,2730000
2013-11-04,WWE RAW #1067,3887000
2013-11-06,WWE Main Event #58,1028000
2013-11-08,WWE SmackDown #743,2946000
2013-11-11,WWE RAW #1068,3768000
2013-11-13,WWE Main Event #59,1306000
2013-11-15,WWE SmackDown #744,2684000
2013-11-18,WWE RAW #1069 - RAW Country,3802000
2013-11-20,WWE Main Event #60,1353000
2013-11-22,WWE SmackDown #745,3106000
2013-11-25,WWE RAW #1070,4135000
2013-11-27,WWE Main Event #61,1331000
2013-11-29,WWE SmackDown #746,2641000
2013-12-02,WWE RAW #1071,3541000
2013-12-04,WWE Main Event #62,1209000
2013-12-06,WWE SmackDown #747,2837000
2013-12-09,WWE RAW #1072 - 2013 Slammy Awards,4152000
2013-12-11,WWE Main Event #63,1319000
2013-12-13,WWE SmackDown #748,2686000
2013-12-16,WWE RAW #1073,4112000
2013-12-18,WWE Main Event #64,1340000
2013-12-20,WWE SmackDown #749,2724000
2013-12-23,WWE RAW #1074 - RAW Christmas,3821000
2013-12-27,WWE SmackDown #750,2852000
2013-12-28,WWE Tribute to the Troops 2013,2091000
2013-12-30,WWE RAW #1075 - New Year's RAW,4129000
2014-01-03,WWE SmackDown #751,2616000
2014-01-06,WWE RAW #1076 - Old School,4538000
2014-01-08,WWE Main Event #67,1520000
2014-01-10,WWE SmackDown #752,2818000
2014-01-13,WWE RAW #1077,4403000
2014-01-15,WWE Main Event #68,1207000
2014-01-17,WWE SmackDown #753,2916000
2014-01-20,WWE RAW #1078,4869000
2014-01-22,WWE Main Event #69,1411000
2014-01-24,WWE SmackDown #754,3029000
2014-01-27,WWE RAW #1079,4719000
2014-01-29,WWE Main Event #70,1452000
2014-01-31,WWE SmackDown #755,3027000
2014-02-03,WWE RAW #1080,4211000
2014-02-05,WWE Main Event #71,1369000
2014-02-07,WWE SmackDown #756,3201000
2014-02-10,WWE RAW #1081,4329000
2014-02-12,WWE Main Event #72,1342000
2014-02-14,WWE SmackDown #757,2831000
2014-02-17,WWE RAW #1082,4364000
2014-02-19,WWE Main Event #73,1316000
2014-02-21,WWE SmackDown #758,2729000
2014-02-24,WWE RAW #1083,4661000
2014-02-26,WWE Main Event #74,1289000
2014-02-28,WWE SmackDown #759,2796000
2014-03-03,WWE RAW #1084,4576000
2014-03-07,WWE SmackDown #760,3142000
2014-03-10,WWE RAW #1085,4369000
2014-03-14,WWE SmackDown #761,2801000
2014-03-17,WWE RAW #1086,4075000
2014-03-21,WWE SmackDown #762,2597000
2014-03-24,WWE RAW #1087,4272000
2014-03-28,WWE SmackDown #763,3057000
2014-03-31,WWE RAW #1088,4391000
2014-04-04,WWE SmackDown #764,2712000
2014-04-07,WWE RAW #1089,5145000
2014-04-11,WWE SmackDown #765,2717000
2014-04-14,WWE RAW #1090 - Ultimate Warrior Tribute Show,4770000
2014-04-18,WWE SmackDown #766,2757000
2014-04-21,WWE RAW #1091,4139000
2014-04-25,WWE SmackDown #767,2670000
2014-04-28,WWE RAW #1092,4610000
2014-05-02,WWE SmackDown #768,2271000
2014-05-05,WWE RAW #1093,4276000
2014-05-09,WWE SmackDown #769,2276000
2014-05-12,WWE RAW #1094,4006000
2014-05-16,WWE SmackDown #770,2485000
2014-05-19,WWE RAW #1095,3763000
2014-05-23,WWE SmackDown #771,2580000
2014-05-26,WWE RAW #1096,3602000
2014-05-30,WWE SmackDown #772,2437000
2014-06-02,WWE RAW #1097,4146000
2014-06-06,WWE SmackDown #773,2782000
2014-06-09,WWE RAW #1098,4119000
2014-06-13,WWE SmackDown #774,2322000
2014-06-16,WWE RAW #1099,4123000
2014-06-20,WWE SmackDown #775,2762000
2014-06-23,WWE RAW #1100,4031000
2014-06-27,WWE SmackDown #776,2966000
2014-06-30,WWE RAW #1101,4332000
2014-07-04,WWE SmackDown #777,1881000
2014-07-07,WWE RAW #1102,4381000
2014-07-11,WWE SmackDown #778,2540000
2014-07-14,WWE RAW #1103,4153000
2014-07-18,WWE SmackDown #779,2885000
2014-07-21,WWE RAW #1104,4432000
2014-07-25,WWE SmackDown #780,2720000
2014-07-28,WWE RAW #1105,4318000
2014-08-01,WWE SmackDown #781,2713000
2014-08-03,WWE WrestleMania XXX: World Television Premiere,2540000
2014-08-04,WWE RAW #1106,4048000
2014-08-08,WWE SmackDown #782,2642000
2014-08-11,WWE RAW #1107,4300000
2014-08-15,WWE SmackDown #783,2564000
2014-08-18,WWE RAW #1108,4194000
2014-08-22,WWE SmackDown #784,2461000
2014-08-25,WWE RAW #1109,3973000
2014-08-29,WWE SmackDown #785,2730000
2014-09-01,WWE RAW #1110,3920000
2014-09-05,WWE SmackDown #786,2758000
2014-09-08,WWE RAW #1111,3986000
2014-09-12,WWE SmackDown #787,2821000
2014-09-15,WWE RAW #1112,3826000
2014-09-19,WWE SmackDown #788,2631000
2014-09-22,WWE RAW #1113,3879000
2014-09-26,WWE SmackDown #789,2318000
2014-09-29,WWE RAW #1114,4039000
2014-10-03,WWE SmackDown #790,2749000
2014-10-06,WWE RAW #1115,3797000
2014-10-10,WWE SmackDown #791 - 15th Anniversary Show,2671000
2014-10-13,WWE RAW #1116,3751000
2014-10-17,WWE SmackDown #792,2694000
2014-10-20,WWE RAW #1117,3695000
2014-10-24,WWE SmackDown #793,2279000
2014-10-27,WWE RAW #1118,3745000
2014-10-31,WWE SmackDown #794,2213000
2014-11-03,WWE RAW #1119,4040000
2014-11-07,WWE SmackDown #795,2425000
2014-11-10,WWE RAW #1120,3930000
2014-11-14,WWE SmackDown #796,2715000
2014-11-17,WWE RAW #1121,3772000
2014-11-21,WWE SmackDown #797,2878000
2014-11-24,WWE RAW #1122,4246000
2014-11-28,WWE SmackDown #798,3054000
2014-12-01,WWE RAW #1123,3883000
2014-12-05,WWE SmackDown #799,2494000
2014-12-08,WWE RAW #1124 - 2014 Slammy Awards,3706000
2014-12-12,WWE SmackDown #800,2531000
2014-12-15,WWE RAW #1125,3522000
2014-12-16,WWE SuperSmackDown LIVE! #801,2027000
2014-12-17,WWE Tribute to the Troops 2014,2230000
2014-12-22,WWE RAW #1126 - A RAW Christmas,3631000
2014-12-26,WWE SmackDown #802,2490000
2014-12-29,WWE RAW #1127,3459000
2015-01-02,WWE SmackDown #803,2582000
2015-01-05,WWE RAW #1128,3762000
2015-01-09,WWE SmackDown #804,2432000
2015-01-12,WWE RAW #1129,3905000
2015-01-15,WWE SmackDown #805,2675000
2015-01-19,WWE RAW #1130 - A RAW Reunion,4100000
2015-01-22,WWE SmackDown #806,2814000
2015-01-26,WWE RAW #1131,4420000
2015-01-29,WWE SmackDown #807,2952000
2015-02-02,WWE RAW #1132,4292000
2015-02-05,WWE SmackDown #808,2441000
2015-02-09,WWE RAW #1133,3658000
2015-02-12,WWE SmackDown #809,2596000
2015-02-16,WWE RAW #1134,3997000
2015-02-19,WWE SmackDown #810,2403000
2015-02-23,WWE RAW #1135,4122000
2015-02-26,WWE SmackDown #811,2624000
2015-03-02,WWE RAW #1136,3825000
2015-03-05,WWE SmackDown #812,2694000
2015-03-09,WWE RAW #1137,3858000
2015-03-12,WWE SmackDown #813,2573000
2015-03-16,WWE RAW #1138,3919000
2015-03-19,WWE SmackDown #814,2595000
2015-03-23,WWE RAW #1139,4188000
2015-03-26,WWE SmackDown #815,2506000
2015-03-30,WWE RAW #1140,5364000
2015-04-02,WWE SmackDown #816,2743000
2015-04-06,WWE RAW #1141,3964000
2015-04-09,WWE SmackDown #817,2631000
2015-04-13,WWE RAW #1142,3666000
2015-04-16,WWE SmackDown #818,2450000
2015-04-20,WWE RAW #1143,4038000
2015-04-23,WWE SmackDown #819,2642000
2015-04-27,WWE RAW #1144,3756000
2015-04-30,WWE SmackDown #820,2338000
2015-05-04,WWE RAW #1145,3573000
2015-05-07,WWE SmackDown #821,2575000
2015-05-11,WWE RAW #1146,3687000
2015-05-14,WWE SmackDown #822,2528000
2015-05-18,WWE RAW #1147,3985000
2015-05-21,WWE SmackDown #823,2589000
2015-05-25,WWE RAW #1148,3590000
2015-05-28,WWE SmackDown #824,2574000
2015-06-01,WWE RAW #1149,3973000
2015-06-04,WWE SmackDown #825,2350000
2015-06-08,WWE RAW #1150,3645000
2015-06-11,WWE SmackDown #826,2611000
2015-06-15,WWE RAW #1151,4113000
2015-06-18,WWE SmackDown #827,2466000
2015-06-22,WWE RAW #1152,3671000
2015-06-25,WWE SmackDown #828,2496000
2015-06-29,WWE RAW #1153,3463000
2015-07-02,WWE SmackDown #829,2265000
2015-07-06,WWE RAW #1154,3647000
2015-07-09,WWE SmackDown #830,2388000
2015-07-13,WWE RAW #1155,3531000
2015-07-16,WWE SmackDown #831,2153000
2015-07-20,WWE RAW #1156,3804000
2015-07-23,WWE SmackDown #832,2353000
2015-07-27,WWE RAW #1157,3671000
2015-07-30,WWE SmackDown #833,2443000
2015-08-03,WWE RAW #1158,3701000
2015-08-06,WWE SmackDown #834,2405000
2015-08-10,WWE RAW #1159,3838000
2015-08-13,WWE SmackDown #835,2083000
2015-08-17,WWE RAW #1160,3777000
2015-08-20,WWE SmackDown #836,2434000
2015-08-24,WWE RAW #1161,3721000
2015-08-27,WWE SmackDown #837,2195000
2015-08-31,WWE RAW #1162,3828000
2015-09-03,WWE SmackDown #838,1981000
2015-09-07,WWE RAW #1163,3894000
2015-09-10,WWE SmackDown #839,2040000
2015-09-14,WWE RAW #1164,3397000
2015-09-17,WWE SmackDown #840,2083000
2015-09-21,WWE RAW #1165,3349000
2015-09-24,WWE SmackDown #841,2138000
2015-09-28,WWE RAW #1166,3330000
2015-10-01,WWE SmackDown #842,2132000
2015-10-05,WWE RAW #1167,3378000
2015-10-08,WWE SmackDown #843,2147000
2015-10-12,WWE RAW #1168,3285000
2015-10-15,WWE SmackDown #844,2090000
2015-10-19,WWE RAW #1169,3357000
2015-10-22,WWE SmackDown #845,2204000
2015-10-26,WWE RAW #1170,3354000
2015-10-29,WWE SmackDown #846,2171000
2015-11-02,WWE RAW #1171,3248000
2015-11-05,WWE SmackDown #847,2123000
2015-11-09,WWE RAW #1172,3173000
2015-11-12,WWE SmackDown #848,2294000
2015-11-16,WWE RAW #1173,3293000
2015-11-19,WWE SmackDown #849,2229000
2015-11-23,WWE RAW #1174,2964000
2015-11-26,WWE SmackDown #850,1652000
2015-11-30,WWE RAW #1175,3168000
2015-12-03,WWE SmackDown #851,2044000
2015-12-07,WWE RAW #1176,3054000
2015-12-10,WWE SmackDown #852,2133000
2015-12-14,WWE RAW #1177,3885000
2015-12-17,WWE SmackDown #853,2332000
2015-12-21,WWE RAW #1178 - 2015 Slammy Awards,3376000
2015-12-22,WWE SmackDown #854 - SuperSmackDown LIVE!,2264000
2015-12-23,WWE Tribute to the Troops 2015,1802000
2015-12-28,WWE RAW #1179,3536000
2015-12-31,WWE SmackDown #855,1658000
2016-01-04,WWE RAW #1180,3575000
2016-01-07,WWE SmackDown #856,2757000
2016-01-11,WWE RAW #1181,3323000
2016-01-14,WWE SmackDown #857,2332000
2016-01-18,WWE RAW #1182,3496000
2016-01-21,WWE SmackDown #858,2757000
2016-01-25,WWE RAW #1183,4098000
2016-01-28,WWE SmackDown #859,2720000
2016-02-01,WWE RAW #1184,3383000
2016-02-04,WWE SmackDown #860,2664000
2016-02-08,WWE RAW #1185,3726000
2016-02-11,WWE SmackDown #861,2414000
2016-02-15,WWE RAW #1186,3477000
2016-02-18,WWE SmackDown #862,2458000
2016-02-22,WWE RAW #1187,3884000
2016-02-25,WWE SmackDown #863,2395000
2016-02-29,WWE RAW #1188,3724000
2016-03-03,WWE SmackDown #864,2491000
2016-03-07,WWE RAW #1189,3551000
2016-03-10,WWE SmackDown #865,2186000
2016-03-14,WWE RAW #1190,3457000
2016-03-17,WWE SmackDown #866,2260000
2016-03-21,WWE RAW #1191,3393000
2016-03-24,WWE SmackDown #867,2501000
2016-03-28,WWE RAW #1192,3764000
2016-03-31,WWE SmackDown #868,2328000
2016-04-04,WWE RAW #1193,4093000
2016-04-07,WWE SmackDown #869,2444000
2016-04-11,WWE RAW #1194,3529000
2016-04-14,WWE SmackDown #870,2355000
2016-04-18,WWE RAW #1195,3336000
2016-04-21,WWE SmackDown #871,2431000
2016-04-25,WWE RAW #1196,3128000
2016-04-28,WWE SmackDown #872,2109000
2016-05-02,WWE RAW #1197,3433000
2016-05-05,WWE SmackDown #873,2346000
2016-05-09,WWE RAW #1198,3238000
2016-05-12,WWE SmackDown #874,2262000
2016-05-16,WWE RAW #1199,3190000
2016-05-19,WWE SmackDown #875,2295000
2016-05-23,WWE RAW #1200,3268000
2016-05-26,WWE SmackDown #876,2112000
2016-05-30,WWE RAW #1201,3229000
2016-06-02,WWE SmackDown #877,2169000
2016-06-06,WWE RAW #1202,3255000
2016-06-09,WWE SmackDown #878,1996000
2016-06-13,WWE RAW #1203,2970000
2016-06-16,WWE SmackDown #879,2073000
2016-06-20,WWE RAW #1204,3467000
2016-06-23,WWE SmackDown #880,2145000
2016-06-27,WWE RAW #1205,3093000
2016-06-30,WWE SmackDown #881,2080000
2016-07-04,WWE RAW #1206,2658000
2016-07-07,WWE SmackDown #882,2241000
2016-07-11,WWE RAW #1207,3170000
2016-07-14,WWE SmackDown #883,2068000
2016-07-18,WWE RAW #1208,3133000
2016-07-19,WWE SmackDown Live #884,3170000
2016-07-25,WWE RAW #1209,3338000
2016-07-26,WWE SmackDown Live #885,2743000
2016-08-01,WWE RAW #1210,3314000
2016-08-02,WWE SmackDown Live #886,2681000
2016-08-08,WWE RAW #1211,2911000
2016-08-09,WWE SmackDown Live #887,2455000
2016-08-15,WWE RAW #1212,2915000
2016-08-16,WWE SmackDown Live #888,2471000
2016-08-22,WWE RAW #1213,3315000
2016-08-23,WWE SmackDown Live #889,2714000
2016-08-29,WWE RAW #1214,3413000
2016-08-30,WWE SmackDown Live #890,2835000
2016-09-05,WWE RAW #1215,3069000
2016-09-06,WWE SmackDown Live #891,2454000
2016-09-12,WWE RAW #1216,2690000
2016-09-13,WWE SmackDown Live #892,2658000
2016-09-19,WWE RAW #1217,2684000
2016-09-20,WWE SmackDown Live #893,2292000
2016-09-26,WWE RAW #1218,2478000
2016-09-27,WWE SmackDown Live #894,2340000
2016-10-03,WWE RAW #1219,2797000
2016-10-04,WWE SmackDown Live #895,2316000
2016-10-10,WWE RAW #1220,2760000
2016-10-11,WWE SmackDown Live #896,2448000
2016-10-17,WWE RAW #1221,3130000
2016-10-18,WWE SmackDown Live #897,2405000
2016-10-24,WWE RAW #1222,2819000
2016-10-25,WWE SmackDown Live #898,2127000
2016-10-31,WWE RAW #1223,2600000
2016-11-01,WWE SmackDown Live #899,2187000
2016-11-07,WWE RAW #1224,2767000
2016-11-08,WWE SmackDown Live #900,1921000
2016-11-14,WWE RAW #1225,2877000
2016-11-15,WWE SmackDown Live #901,2725000
2016-11-21,WWE RAW #1226,3002000
2016-11-22,WWE SmackDown Live #902,2505000
2016-11-28,WWE RAW #1227,3111000
2016-11-29,WWE SmackDown Live #903,2576000
2016-12-05,WWE RAW #1228,2976000
2016-12-06,WWE SmackDown Live #904,2479000
2016-12-12,WWE RAW #1229,2758000
2016-12-13,WWE SmackDown Live #905,2361000
2016-12-19,WWE RAW #1230,2955000
2016-12-20,WWE SmackDown Live #906,2637000
2016-12-26,WWE RAW #1231,2855000
2016-12-27,WWE SmackDown Live #907,2885000
2017-01-02,WWE RAW #1232,3047000
2017-01-03,WWE SmackDown Live #908,2596000
2017-01-09,WWE RAW #1233,2907000
2017-01-10,WWE SmackDown Live #909,2533000
2017-01-16,WWE RAW #1234,3270000
2017-01-23,WWE RAW #1235,3292000
2017-01-24,WWE SmackDown Live #911,2556000
2017-01-30,WWE RAW #1236,3615000
2017-01-31,WWE SmackDown Live #912,2817000
2017-02-06,WWE RAW #1237,3115000
2017-02-07,WWE SmackDown Live #913,2627000
2017-02-13,WWE RAW #1238,3087000
2017-02-14,WWE SmackDown Live #914,2626000
2017-02-20,WWE RAW #1239,3215000
2017-02-21,WWE SmackDown Live #915,2792000
2017-02-27,WWE RAW #1240,3096000
2017-02-28,WWE SmackDown Live #916,2568000
2017-03-06,WWE RAW #1241,3216000
2017-03-07,WWE SmackDown Live #917,2738000
2017-03-13,WWE RAW #1242,3232000
2017-03-14,WWE SmackDown Live #918,2628000
2017-03-20,WWE RAW #1243,3048000
2017-03-21,WWE SmackDown Live #919,2647000
2017-03-27,WWE RAW #1244,3292000
2017-03-28,WWE SmackDown Live #920,2698000
2017-04-03,WWE RAW #1245,3767000
2017-04-04,WWE SmackDown Live #921,2885000
2017-04-10,WWE RAW #1246,3429000
2017-04-11,WWE SmackDown Live #922,3105000
2017-04-17,WWE RAW #1247,3346000
2017-04-18,WWE SmackDown Live #923,2544000
2017-04-24,WWE RAW #1248,3007000
2017-04-25,WWE SmackDown Live #924,2493000
2017-05-01,WWE RAW #1249,2870000
2017-05-02,WWE SmackDown Live #925,2300000
2017-05-08,WWE RAW #1250,2696000
2017-05-09,WWE SmackDown Live #926,2348000
2017-05-15,WWE RAW #1251,2751000
2017-05-16,WWE SmackDown Live #927,2175000
2017-05-22,WWE RAW #1252,2615000
2017-05-23,WWE SmackDown Live #928,2328000
2017-05-29,WWE RAW #1253,2612000
2017-05-30,WWE SmackDown Live #929,2350000
2017-06-05,WWE RAW #1254,2993000
2017-06-06,WWE SmackDown Live #930,2349000
2017-06-12,WWE RAW #1255,2542000
2017-06-13,WWE SmackDown Live #931,2072000
2017-06-19,WWE RAW #1256,3101000
2017-06-20,WWE SmackDown Live #932,2597000
2017-06-26,WWE RAW #1257,2976000
2017-06-27,WWE SmackDown Live #933,2603000
2017-07-03,WWE RAW #1258,2836000
2017-07-04,WWE SmackDown Live #934,2329000
2017-07-10,WWE RAW #1259,3009000
2017-07-11,WWE SmackDown Live #935,2465000
2017-07-17,WWE RAW #1260,3153000
2017-07-18,WWE SmackDown Live #936,2548000
2017-07-24,WWE RAW #1261,3067000
2017-07-25,WWE SmackDown Live #937,2539000
2017-07-31,WWE RAW #1262,3163000
2017-08-01,WWE SmackDown Live #938,2569000
2017-08-07,WWE RAW #1263,3235000
2017-08-08,WWE SmackDown Live #939,2584000
2017-08-14,WWE RAW #1264,3233000
2017-08-15,WWE SmackDown Live #940,2530000
2017-08-21,WWE RAW #1265,3393000
2017-08-22,WWE SmackDown Live #941,2685000
2017-08-28,WWE RAW #1266,3304000
2017-08-29,WWE SmackDown Live #942,2455000
2017-09-04,WWE RAW #1267,2932000
2017-09-05,WWE SmackDown Live #943,2582000
2017-09-11,WWE RAW #1268,2903000
2017-09-12,WWE SmackDown Live #944,2754000
2017-09-18,WWE RAW #1269,2833000
2017-09-19,WWE SmackDown Live #945,2510000
2017-09-25,WWE RAW #1270,2923000
2017-09-26,WWE SmackDown Live #946,2542000
2017-10-02,WWE RAW #1271,2773000
2017-10-03,WWE SmackDown Live #947,2323000
2017-10-09,WWE RAW #1272,2871000
2017-10-10,WWE SmackDown Live #948,2467000
2017-10-16,WWE RAW #1273,2688000
2017-10-17,WWE SmackDown Live #949,2320000
2017-10-23,WWE RAW #1274,2952000
2017-10-24,WWE SmackDown Live #950,2699000
2017-10-30,WWE RAW #1275,2854000
2017-10-31,WWE SmackDown Live #951,2119000
2017-11-06,WWE RAW #1276,2841000
2017-11-07,WWE SmackDown Live #952,2603000
2017-11-13,WWE RAW #1277,3031000
2017-11-14,WWE SmackDown Live #953,2607000
2017-11-20,WWE RAW #1278,3074000
2017-11-21,WWE SmackDown Live #954,2662000
2017-11-27,WWE RAW #1279,2759000
2017-11-28,WWE SmackDown Live #955,2680000
2017-12-04,WWE RAW #1280,2813000
2017-12-05,WWE SmackDown Live #956,2493000
2017-12-11,WWE RAW #1281,2685000
2017-12-12,WWE SmackDown Live #957,2481000
2017-12-18,WWE RAW #1282,2786000
2017-12-19,WWE SmackDown Live #958,2578000
2017-12-25,WWE RAW #1283,2703000
2017-12-26,WWE SmackDown Live #959,2656000
2018-01-01,WWE RAW #1284,2860000
2018-01-02,WWE SmackDown Live #960,2720000
2018-01-08,WWE RAW #1285,2760000
2018-01-09,WWE SmackDown Live #961,2603000
2018-01-15,WWE RAW #1286,3250000
2018-01-16,WWE SmackDown Live #962,2603000
2018-01-22,WWE RAW #1287 - 25th Anniversary Show,4530000
2018-01-23,WWE SmackDown Live #963,2580000
2018-01-29,WWE RAW #1288,3394000
2018-01-30,WWE SmackDown Live #964,2509000
2018-02-05,WWE RAW #1289,3055000
2018-02-06,WWE SmackDown Live #965,2505000
2018-02-12,WWE RAW #1290,3105000
2018-02-13,WWE SmackDown Live #966,2449000
2018-02-19,WWE RAW #1291,3282000
2018-02-20,WWE SmackDown Live #967,2613000
2018-02-26,WWE RAW #1292,3195000
2018-02-27,WWE SmackDown Live #968,2692000
2018-03-05,WWE RAW #1293,3073000
2018-03-06,WWE SmackDown Live #969,2590000
2018-03-12,WWE RAW #1294,3351000
2018-03-13,WWE SmackDown Live #970,2771000
2018-03-19,WWE RAW #1295,3327000
2018-03-20,WWE SmackDown Live #971,2888000
2018-03-26,WWE RAW #1296,3366000
2018-03-27,WWE SmackDown Live #972,2576000
2018-04-02,WWE RAW #1297,3358000
2018-04-03,WWE SmackDown Live #973,2467000
2018-04-09,WWE RAW #1298,3921000
2018-04-10,WWE SmackDown Live #974,2952000
2018-04-16,WWE RAW #1299,3622000
2018-04-17,WWE SmackDown Live #975,2796000
2018-04-23,WWE RAW #1300,3104000
2018-04-24,WWE SmackDown Live #976,2549000
2018-04-30,WWE RAW #1301,3066000
2018-05-01,WWE SmackDown Live #977,2436000
2018-05-07,WWE RAW #1302,2689000
2018-05-08,WWE SmackDown Live #978,2293000
2018-05-14,WWE RAW #1303,2741000
2018-05-15,WWE SmackDown Live #979,2298000
2018-05-21,WWE RAW #1304,2669000
2018-05-22,WWE SmackDown Live #980,2195000
2018-05-28,WWE RAW #1305,2495000
2018-05-29,WWE SmackDown Live #981,2195000
2018-06-04,WWE RAW #1306,2526000
2018-06-05,WWE SmackDown Live #982,2138000
2018-06-11,WWE RAW #1307,2730000
2018-06-12,WWE SmackDown Live #983,2183000
2018-06-18,WWE RAW #1308,2903000
2018-06-19,WWE SmackDown Live #984,2315000
2018-06-25,WWE RAW #1309,2663000
2018-06-26,WWE SmackDown Live #985,2135000
2018-07-02,WWE RAW #1310,2707000
2018-07-03,WWE SmackDown Live #986,2013000
2018-07-09,WWE RAW #1311,2460000
2018-07-10,WWE SmackDown Live #987,2183000
2018-07-16,WWE RAW #1312,2866000
2018-07-17,WWE SmackDown Live #988,2293000
2018-07-23,WWE RAW #1313,2779000
2018-07-24,WWE SmackDown Live #989,2340000
2018-07-30,WWE RAW #1314,2901000
2018-07-31,WWE SmackDown Live #990,2401000
2018-08-06,WWE RAW #1315,2804000
2018-08-07,WWE SmackDown Live #991,2197000
2018-08-13,WWE RAW #1316,2825000
2018-08-14,WWE SmackDown Live #992,2189000
2018-08-20,WWE RAW #1317,3095000
2018-08-21,WWE SmackDown Live #993,2437000
2018-08-27,WWE RAW #1318,2880000
2018-08-28,WWE SmackDown Live #994,2350000
2018-09-03,WWE RAW #1319,2872000
2018-09-04,WWE SmackDown Live #995,2319000
2018-09-10,WWE RAW #1320,2740000
2018-09-11,WWE SmackDown Live #996,2229000
2018-09-17,WWE RAW #1321,2672000
2018-09-18,WWE SmackDown Live #997,2281000
2018-09-24,WWE RAW #1322,2350000
2018-09-25,WWE SmackDown Live #998,2193000
2018-10-01,WWE RAW #1323,2302000
2018-10-02,WWE SmackDown Live #999,2095000
2018-10-08,WWE RAW #1324,2373000
2018-10-09,WWE SmackDown Live #1000,2135000
2018-10-15,WWE RAW #1325,2396000
2018-10-16,WWE SmackDown Live #1001,2545000
2018-10-22,WWE RAW #1326,2548000
2018-10-23,WWE SmackDown Live #1002,2087000
2018-10-29,WWE RAW #1327,2470000
2018-10-30,WWE SmackDown Live #1003,2110000
2018-11-05,WWE RAW #1328,2441000
2018-11-06,WWE SmackDown Live #1004,2088000
2018-11-12,WWE RAW #1329,2446000
2018-11-13,WWE SmackDown Live #1005,2312000
2018-11-19,WWE RAW #1330,2493000
2018-11-20,WWE SmackDown Live #1006,2150000
2018-11-26,WWE RAW #1331,2368000
2018-11-27,WWE SmackDown Live #1007,2264000
2018-12-03,WWE RAW #1332,2285000
2018-12-04,WWE SmackDown Live #1008,1948000
2018-12-10,WWE RAW #1333,2193000
2018-12-11,WWE SmackDown Live #1009,1977000
2018-12-17,WWE RAW #1334,2547000
2018-12-18,WWE SmackDown Live #1010,2214000
2018-12-20,WWE Tribute To The Troops 2018,1127000
2018-12-24,WWE RAW #1335,1775000
2018-12-25,WWE SmackDown Live #1011,1904000
2018-12-31,WWE RAW #1336,1985000
2019-01-01,WWE SmackDown Live #1012,2091000
2019-01-07,WWE RAW #1337,2326000
2019-01-08,WWE SmackDown Live #1013,2032000
2019-01-14,WWE RAW #1338,2722000
2019-01-15,WWE SmackDown Live #1014,2143000
2019-01-21,WWE RAW #1339,2462000
2019-01-22,WWE SmackDown Live #1015,2142000
2019-01-28,WWE RAW #1340,2703000
2019-01-29,WWE SmackDown Live #1016,2137000
2019-02-04,WWE RAW #1341,2510000
2019-02-05,WWE SmackDown Live #1017,1841000
2019-02-11,WWE RAW #1342,2462000
2019-02-12,WWE SmackDown Live #1018,2034000
2019-02-18,WWE RAW #1343,2771000
2019-02-19,WWE SmackDown Live #1019,2269000
2019-02-25,WWE RAW #1344,2922000
2019-02-26,WWE SmackDown Live #1020,2150000
2019-03-04,WWE RAW #1345,2782000
2019-03-05,WWE SmackDown Live #1021,2155000
2019-03-11,WWE RAW #1346,2810000
2019-03-12,WWE SmackDown Live #1022,2198000
2019-03-18,WWE RAW #1347,2695000
2019-03-19,WWE SmackDown Live #1023,2208000
2019-03-25,WWE RAW #1348,2589000
2019-03-26,WWE SmackDown Live #1024,2393000
2019-04-01,WWE RAW #1349,2639000
2019-04-02,WWE SmackDown Live #1025,2141000
2019-04-08,WWE RAW #1350,2924000
2019-04-09,WWE SmackDown Live #1026,2199000
2019-04-15,WWE RAW #1351,2665000
2019-04-16,WWE SmackDown Live #1027,2219000
2019-04-22,WWE RAW #1352,2374000
2019-04-23,WWE SmackDown Live #1028,2072000
2019-04-29,WWE RAW #1353,2158000
2019-04-30,WWE SmackDown Live #1029,1833000
2019-05-06,WWE RAW #1354,2224000
2019-05-07,WWE SmackDown Live #1030,1931000
2019-05-13,WWE RAW #1355,2349000
2019-05-14,WWE SmackDown Live #1031,1827000
2019-05-20,WWE RAW #1356,2521000
2019-05-21,WWE SmackDown Live #1032,1983000
2019-05-27,WWE RAW #1357,2190000
2019-05-28,WWE SmackDown Live #1033,2072000
2019-06-03,WWE RAW #1358,2405000
2019-06-04,WWE SmackDown Live #1034,2016000
2019-06-10,WWE RAW #1359,2125000
2019-06-11,WWE SmackDown Live #1035,1930000
2019-06-17,WWE RAW #1360,2235000
2019-06-18,WWE SmackDown Live #1036,1859000
2019-06-24,WWE RAW #1361,2276000
2019-06-25,WWE SmackDown Live #1037,1921000
2019-07-01,WWE RAW #1362,2493000
2019-07-02,WWE SmackDown Live #1038,1890000
2019-07-08,WWE RAW #1363,2352000
2019-07-09,WWE SmackDown Live #1039,1853000
2019-07-15,WWE RAW #1364,2453000
2019-07-16,WWE SmackDown Live #1040,2122000
2019-07-22,WWE RAW #1365,3093000
2019-07-23,WWE SmackDown Live #1041,2162000
2019-07-29,WWE RAW #1366,2321000
2019-07-30,WWE SmackDown Live #1042,1911000
2019-08-05,WWE RAW #1367,2473000
2019-08-06,WWE SmackDown Live #1043,2088000
2019-08-12,WWE RAW #1368,2729000
2019-08-13,WWE SmackDown Live #1044,2164000
2019-08-19,WWE RAW #1369,2534000
2019-08-20,WWE SmackDown Live #1045,2142000
2019-08-26,WWE RAW #1370,2528000
2019-08-27,WWE SmackDown Live #1046,2088000
2019-09-02,WWE RAW #1371,2507000
2019-09-03,WWE SmackDown Live #1047,2130000
2019-09-09,WWE RAW #1372,2130000
2019-09-10,WWE SmackDown Live #1048,2061000
2019-09-16,WWE RAW #1373,2272000
2019-09-18,WWE NXT #500,1179000
2019-09-23,WWE RAW #1374,2209000
2019-09-24,WWE SmackDown Live #1050,2099000
2019-09-25,WWE NXT #501,1006000
2019-09-30,WWE RAW #1375,2570000
2019-10-02,WWE NXT #502,891000
2019-10-04,WWE Friday Night SmackDown #1051,3888000
2019-10-07,WWE RAW #1376,2334000
2019-10-09,WWE NXT #503,790000
2019-10-11,WWE Friday Night SmackDown #1052,2899000
2019-10-14,WWE RAW #1377,2279000
2019-10-16,WWE NXT #504,712000
2019-10-18,WWE Friday Night SmackDown #1053,2441000
2019-10-21,WWE RAW #1378,2341000
2019-10-23,WWE NXT #505,698000
2019-10-25,WWE Friday Night SmackDown #1054,888000
2019-10-28,WWE RAW #1379,2133000
2019-10-30,WWE NXT #506,580000
2019-11-01,WWE Friday Night SmackDown #1055,2520000
2019-11-04,WWE RAW #1380,2136000
2019-11-06,WWE NXT #507,813000
2019-11-08,WWE Friday Night SmackDown #1056,2617000
2019-11-11,WWE RAW #1381,2057000
2019-11-13,WWE NXT #508,750000
2019-11-15,WWE Friday Night SmackDown #1057,2350000
2019-11-18,WWE RAW #1382,2127000
2019-11-20,WWE NXT #509,916000
2019-11-22,WWE Friday Night SmackDown #1058,2600000
2019-11-25,WWE RAW #1383,2109000
2019-11-27,WWE NXT #510,810000
2019-11-29,WWE Friday Night SmackDown #1059,2336000
2019-12-02,WWE RAW #1384,2208000
2019-12-04,WWE NXT #511,845000
2019-12-06,WWE Friday Night SmackDown #1060,2446000
2019-12-09,WWE RAW #1385,2150000
2019-12-11,WWE NXT #512,778000
2019-12-13,WWE Friday Night SmackDown #1061,2339000
2019-12-16,WWE RAW #1386,2053000
2019-12-18,WWE NXT #513,795000
2019-12-20,WWE Friday Night SmackDown #1062,2414000
2019-12-23,WWE RAW #1387,1835000
2019-12-27,WWE Friday Night SmackDown #1063,2439000
2019-12-30,WWE RAW #1388,2439000
2019-12-31,WWE Fox's New Year's Eve with Steve Harvey,2604000
2020-01-01,WWE NXT #515,548000
2020-01-03,WWE Friday Night SmackDown #1064,2418000
2020-01-06,WWE RAW #1389,2385000
2020-01-08,WWE NXT #516,721000
2020-01-10,WWE Friday Night SmackDown #1065,2503000
2020-01-13,WWE RAW #1390,2030000
2020-01-15,WWE NXT #517,700000
2020-01-17,WWE Friday Night SmackDown #1066,2580000
2020-01-20,WWE RAW #1391,2380000
2020-01-22,WWE NXT #518,769000
2020-01-24,WWE Friday Night SmackDown #1067,2470000
2020-01-27,WWE RAW #1392,2402000
2020-01-29,WWE NXT #519,712000
2020-01-31,WWE Friday Night SmackDown #1068,2424000
2020-02-03,WWE RAW #1393,2168000
2020-02-05,WWE NXT #520,770000
2020-02-07,WWE Friday Night SmackDown #1069,2547000
2020-02-10,WWE RAW #1394,2337000
2020-02-12,WWE NXT #521,757000
2020-02-14,WWE Friday Night SmackDown #1070,2482000
2020-02-17,WWE RAW #1395,2437000
2020-02-19,WWE NXT #522,794000
2020-02-21,WWE Friday Night SmackDown #1071,2490000
2020-02-24,WWE RAW #1396,2210000
2020-02-26,WWE NXT #523,717000
2020-02-28,WWE Friday Night SmackDown #1072,2717000
2020-03-02,WWE RAW #1397,2257000
2020-03-04,WWE NXT #524,718000
2020-03-06,WWE Friday Night SmackDown #1073,2453000
2020-03-09,WWE RAW #1398,2163000
2020-03-11,WWE NXT #525,697000
2020-03-13,WWE Friday Night SmackDown #1074,2588000
2020-03-16,WWE RAW #1399,2335000
2020-03-18,WWE NXT #526,542000
2020-03-20,WWE Friday Night SmackDown #1075,2563000
2020-03-23,WWE RAW #1400,2006000
2020-03-25,WWE NXT #527,669000
2020-03-27,WWE Friday Night SmackDown #1076,2374000
2020-03-30,WWE RAW #1401,1924000
2020-04-01,WWE NXT #528,590000
2020-04-03,WWE Friday Night SmackDown #1077,2375000
2020-04-06,WWE RAW #1402,2100000
2020-04-08,WWE NXT #529,693000
2020-04-10,WWE Friday Night SmackDown #1078,2304000
2020-04-13,WWE RAW #1403,1913000
2020-04-15,WWE NXT #530,692000
2020-04-17,WWE Friday Night SmackDown #1079,2192000
2020-04-20,WWE RAW #1404,1842000
2020-04-22,WWE NXT #531,665000
2020-04-24,WWE Friday Night SmackDown #1080,2014000
2020-04-27,WWE RAW #1405,1817000
2020-04-29,WWE NXT #532,637000
2020-05-01,WWE Friday Night SmackDown #1081,1919000
2020-05-04,WWE RAW #1406,1686000
2020-05-06,WWE NXT #533,663000
2020-05-08,WWE Friday Night SmackDown #1082,2040000
2020-05-11,WWE RAW #1407,1918000
2020-05-13,WWE NXT #534,604000
2020-05-15,WWE Friday Night SmackDown #1083,2048000
2020-05-18,WWE RAW #1408,1756000
2020-05-20,WWE NXT #535,592000
2020-05-22,WWE Friday Night SmackDown #1084,2040000
2020-05-25,WWE RAW #1409,1735000
2020-05-27,WWE NXT #536,731000
2020-05-29,WWE Friday Night SmackDown #1085,2150000
2020-06-01,WWE RAW #1410,1728000
2020-06-03,WWE NXT #537,715000
2020-06-05,WWE Friday Night SmackDown #1086,1935000
2020-06-08,WWE RAW #1411,1737000
2020-06-10,WWE NXT #538,673000
2020-06-12,WWE Friday Night SmackDown #1087,2016000
2020-06-15,WWE RAW #1412,1939000
2020-06-17,WWE NXT #539,746000
2020-06-19,WWE Friday Night SmackDown #1088,2089000
2020-06-22,WWE RAW #1413,1922000
2020-06-24,WWE NXT #540,786000
2020-06-26,WWE Friday Night SmackDown #1089,2174000
2020-06-29,WWE RAW #1414,1734000
2020-07-01,WWE NXT #541 - The Great American Bash 2020 - Day 1,792000
2020-07-03,WWE Friday Night SmackDown #1090,1777000
2020-07-06,WWE RAW #1415,1687000
2020-07-08,WWE NXT #542 - The Great American Bash 2020 - Day 2,759000
2020-07-10,WWE Friday Night SmackDown #1091,1905000
2020-07-13,WWE RAW #1416,1561000
2020-07-15,WWE NXT #543,631000
2020-07-17,WWE Friday Night SmackDown #1092,1893000
2020-07-20,WWE RAW #1417,1628000
2020-07-22,WWE NXT #544,615000
2020-07-24,WWE Friday Night SmackDown #1093,1971000
2020-07-27,WWE RAW #1418,1617000
2020-07-29,WWE NXT #545,707000
2020-07-31,WWE Friday Night SmackDown #1094,1892000
2020-08-03,WWE RAW #1419,1714000
2020-08-05,WWE NXT #546,753000
2020-08-07,WWE Friday Night SmackDown #1095,1956000
2020-08-10,WWE RAW #1420,1722000
2020-08-12,WWE NXT #547,619000
2020-08-14,WWE Friday Night SmackDown #1096,1979000
2020-08-17,WWE RAW #1421,1643000
2020-08-19,WWE NXT #548,853000
2020-08-21,WWE Friday Night SmackDown #1097,2168000
2020-08-24,WWE RAW #1422,2028000
2020-08-26,WWE NXT #549,824000
2020-08-28,WWE Friday Night SmackDown #1098,2181000
2020-08-31,WWE RAW #1423,1896000
2020-09-01,WWE NXT #550 - Super Tuesday Show,849000
2020-09-04,WWE Friday Night SmackDown #1099,2066000
2020-09-07,WWE RAW #1424,1725000
2020-09-08,WWE NXT #551 - Super Tuesday Show,838000
2020-09-11,WWE Friday Night SmackDown #1100,2261000
2020-09-14,WWE RAW #1425,1689000
2020-09-16,WWE NXT #552,689000
2020-09-18,WWE Friday Night SmackDown #1101,1954000
2020-09-21,WWE RAW #1426,1670000
2020-09-23,WWE NXT #553,696000
2020-09-25,WWE Friday Night SmackDown #1102,2032000
2020-09-28,WWE RAW #1427,1822000
2020-09-30,WWE NXT #554,732000
2020-10-02,WWE Friday Night SmackDown #1103,2043000
2020-10-05,WWE RAW #1428,1686000
2020-10-07,WWE NXT #555,639000
2020-10-09,WWE Friday Night SmackDown #1104,2088000
2020-10-12,WWE RAW #1429,1855000
2020-10-14,WWE NXT #556,651000
2020-10-16,WWE Friday Night SmackDown #1105,1987000
2020-10-19,WWE RAW #1430,1777000
2020-10-21,WWE NXT #557,644000
2020-10-23,WWE Friday Night SmackDown #1106,881000
2020-10-26,WWE RAW #1431,1732000
2020-10-28,WWE NXT #558 - Halloween Havoc 2020,876000
2020-10-30,WWE Friday Night SmackDown #1107,2133000
2020-11-02,WWE RAW #1432,1656000
2020-11-04,WWE NXT #559,610000
2020-11-06,WWE Friday Night SmackDown #1108,2209000
2020-11-09,WWE RAW #1433,1690000
2020-11-11,WWE NXT #560,632000
2020-11-13,WWE Friday Night SmackDown #1109,2142000
2020-11-16,WWE RAW #1434,1779000
2020-11-18,WWE NXT #561,638000
2020-11-20,WWE Friday Night SmackDown #1110,2215000
2020-11-23,WWE RAW #1435,1808000
2020-11-25,WWE NXT #562,712000
2020-11-27,WWE Friday Night SmackDown #1111,2141000
2020-11-30,WWE RAW #1436,1741000
2020-12-02,WWE NXT #563,658000
2020-12-04,WWE Friday Night SmackDown #1112,2029000
2020-12-07,WWE RAW #1437,1737000
2020-12-09,WWE NXT #564,659000
2020-12-11,WWE Friday Night SmackDown #1113,2106000
2020-12-14,WWE RAW #1438,1527000
2020-12-16,WWE NXT #565,766000
2020-12-18,WWE Friday Night SmackDown #1114,1030000
2020-12-21,WWE RAW #1439,1691000
2020-12-23,WWE NXT #566,698000
2020-12-25,WWE Friday Night SmackDown #1115,3336000
2020-12-28,WWE RAW #1440,1769000
2020-12-30,WWE NXT #567,586000
2021-01-01,WWE Friday Night SmackDown #1116,1915000
2021-01-04,WWE RAW #1441 - Legends Night,2128000
2021-01-06,WWE NXT #568 - New Year's Evil 2021,641000
2021-01-08,WWE Friday Night SmackDown #1117,2003000
2021-01-11,WWE RAW #1442,1819000
2021-01-13,WWE NXT #569,551000
2021-01-15,WWE Friday Night SmackDown #1118,2153000
2021-01-18,WWE RAW #1443,1854000
2021-01-20,WWE NXT #570,659000
2021-01-22,WWE Friday Night SmackDown #1119,2282000
2021-01-25,WWE RAW #1444,1819000
2021-01-27,WWE NXT #571,720000
2021-01-29,WWE Friday Night SmackDown #1120,2228000
2021-02-01,WWE RAW #1445,1892000
2021-02-03,WWE NXT #572,610000
2021-02-05,WWE Friday Night SmackDown #1121,2126000
2021-02-08,WWE RAW #1446,1715000
2021-02-10,WWE NXT #573,558000
2021-02-12,WWE Friday Night SmackDown #1122,1990000
2021-02-15,WWE RAW #1447,1810000
2021-02-17,WWE NXT #574,713000
2021-02-19,WWE Friday Night SmackDown #1123,2072000
2021-02-22,WWE RAW #1448,1890000
2021-02-24,WWE NXT #575,734000
2021-02-26,WWE Friday Night SmackDown #1124,2145000
2021-03-01,WWE RAW #1449,1884000
2021-03-03,WWE NXT #576,692000
2021-03-05,WWE Friday Night SmackDown #1125,2166000
2021-03-08,WWE RAW #1450,1897000
2021-03-10,WWE NXT #577,691000
2021-03-12,WWE Friday Night SmackDown #1126,2010000
2021-03-15,WWE RAW #1451,1843000
2021-03-17,WWE NXT #578,597000
2021-03-19,WWE Friday Night SmackDown #1127,1946000
2021-03-22,WWE RAW #1452,1816000
2021-03-24,WWE NXT #579,678000
2021-03-26,WWE Friday Night SmackDown #1128,2031000
2021-03-29,WWE RAW #1453,1701000
2021-03-31,WWE NXT #580,654000
2021-04-02,WWE Friday Night SmackDown #1129,2036000
2021-04-05,WWE RAW #1454,1701000
2021-04-07,WWE NXT TakeOver: Stand & Deliver 2021 - Night 1,768000
2021-04-09,WWE Friday Night SmackDown #1130,2080000
2021-04-12,WWE RAW #1455,2026000
2021-04-13,WWE NXT #581,805000
2021-04-16,WWE Friday Night SmackDown #1131,1997000
2021-04-19,WWE RAW #1456,1907000
2021-04-20,WWE NXT #582,841000
2021-04-23,WWE Friday Night SmackDown #1132,2042000
2021-04-26,WWE RAW #1457,1774000
2021-04-27,WWE NXT #583,744000
2021-04-30,WWE Friday Night SmackDown #1133,1923000
2021-05-03,WWE RAW #1458,1872000
2021-05-04,WWE NXT #584,761000
2021-05-07,WWE Friday Night SmackDown #1134 - Throwback Edition,2157000
2021-05-10,WWE RAW #1459,1817000
2021-05-11,WWE NXT #585,697000
2021-05-14,WWE Friday Night SmackDown #1135,1917000
2021-05-17,WWE RAW #1460,1823000
2021-05-18,WWE NXT #586,700000
2021-05-21,WWE Friday Night SmackDown #1136,1930000
2021-05-24,WWE RAW #1461,1621000
2021-05-25,WWE NXT #587,698000
2021-05-28,WWE Friday Night SmackDown #1137,1928000
2021-05-31,WWE RAW #1462,1557000
2021-06-01,WWE NXT #588,668000
2021-06-04,WWE Friday Night SmackDown #1138,1883000
2021-06-07,WWE RAW #1463,1640000
2021-06-08,WWE NXT #589,669000
2021-06-11,WWE Friday Night SmackDown #1139,1944000
2021-06-14,WWE RAW #1464,1742000
2021-06-15,WWE NXT #590,695000
2021-06-18,WWE Friday Night SmackDown #1140,2045000
2021-06-21,WWE RAW #1465,1719000
2021-06-22,WWE NXT #591,665000
2021-06-25,WWE Friday Night SmackDown #1141,1859000
2021-06-28,WWE RAW #1466,1570000
2021-06-29,WWE NXT #592,636000
2021-07-02,WWE Friday Night SmackDown #1142,1861000
2021-07-05,WWE RAW #1467,1472000
2021-07-06,WWE NXT #593 - The Great American Bash 2021,654000
2021-07-09,WWE Friday Night SmackDown #1143,1881000
2021-07-12,WWE RAW #1468,1609000
2021-07-13,WWE NXT #594,705000
2021-07-16,WWE Friday Night SmackDown #1144,2310000
2021-07-19,WWE RAW #1469,1923000
2021-07-20,WWE NXT #595,709000
2021-07-23,WWE Friday Night SmackDown #1145,2137000
2021-07-26,WWE RAW #1470,1814000
2021-07-27,WWE NXT #596,520000
2021-07-30,WWE Friday Night SmackDown #1146,2043000
2021-08-02,WWE RAW #1471,1821000
2021-08-03,WWE NXT #597,520000
2021-08-06,WWE Friday Night SmackDown #1147,2169000
2021-08-09,WWE RAW #1472,1790000
2021-08-10,WWE NXT #598,751000
2021-08-13,WWE Friday Night SmackDown #1148,2084000
2021-08-16,WWE RAW #1473,1857000
2021-08-17,WWE NXT #599,654000
2021-08-20,WWE Friday Night SmackDown #1149,2237000
2021-08-23,WWE RAW #1474,2067000
2021-08-24,WWE NXT #600,685000
2021-08-27,WWE Friday Night SmackDown #1150,2250000
2021-08-30,WWE RAW #1475,1907000
2021-08-31,WWE NXT #601,717000
2021-09-03,WWE Friday Night SmackDown #1151,2220000
2021-09-06,WWE RAW #1476,1849000
2021-09-07,WWE NXT #602,601000
2021-09-10,WWE Friday Night SmackDown #1152,2383000
2021-09-13,WWE RAW #1477,1670000
2021-09-14,WWE NXT 2.0 #1,770000
2021-09-17,WWE Friday Night SmackDown #1153,2243000
2021-09-20,WWE RAW #1478,1793000
2021-09-21,WWE NXT 2.0 #2,746000
2021-09-24,WWE Friday Night SmackDown #1154,2135000
2021-09-27,WWE RAW #1479,1709000
2021-09-28,WWE NXT 2.0 #3,655000
2021-10-01,WWE Friday Night SmackDown #1155,2252000
2021-10-04,WWE RAW #1480,1857000
2021-10-05,WWE NXT 2.0 #4,632000
2021-10-08,WWE Friday Night SmackDown #1156,2147000
2021-10-11,WWE RAW #1481,1582000
2021-10-12,WWE NXT 2.0 #5,632000
2021-10-15,WWE Friday Night SmackDown #1157,866000
2021-10-18,WWE RAW #1482,1593000
2021-10-19,WWE NXT 2.0 #6,606000
2021-10-22,WWE Friday Night SmackDown #1158,2101000
2021-10-25,WWE RAW #1483,1658000
2021-10-26,WWE NXT 2.0 #7 - Halloween Havoc 2021,746000
2021-10-29,WWE Friday Night SmackDown #1159,1032000
2021-11-01,WWE RAW #1484,1689000
2021-11-02,WWE NXT 2.0 #8,631000
2021-11-05,WWE Friday Night SmackDown #1160,2093000
2021-11-08,WWE RAW #1485,1549000
2021-11-09,WWE NXT 2.0 #9,603000
2021-11-12,WWE Friday Night SmackDown #1161,2104000
2021-11-14,WWE Tribute to the Troops 2021,2030000
2021-11-15,WWE RAW #1486,1584000
2021-11-16,WWE NXT 2.0 #10,574000
2021-11-19,WWE Friday Night SmackDown #1162,2064000
2021-11-22,WWE RAW #1487,1698000
2021-11-23,WWE NXT 2.0 #11,625000
2021-11-26,WWE Friday Night SmackDown #1163,2149000
2021-11-29,WWE RAW #1488,1678000
2021-11-30,WWE NXT 2.0 #12,637000
2021-12-03,WWE Friday Night SmackDown #1164,2030000
2021-12-06,WWE RAW #1489,1599000
2021-12-07,WWE NXT 2.0 #13,590000
2021-12-10,WWE Friday Night SmackDown #1165,2142000
2021-12-13,WWE RAW #1490,1573000
2021-12-14,WWE NXT 2.0 #14,561000
2021-12-17,WWE Friday Night SmackDown #1166,2303000
2021-12-20,WWE RAW #1491,1553000
2021-12-21,WWE NXT 2.0 #15,591000
2021-12-24,WWE Friday Night SmackDown #1167,1972000
2021-12-27,WWE RAW #1492,1592000
2021-12-28,WWE NXT 2.0 #16,662000
2021-12-31,WWE Friday Night SmackDown #1168 - Top Ten Moments of 2021,378000
2022-01-03,WWE RAW #1493,1716000
2022-01-04,WWE NXT 2.0 #17 - New Year's Evil 2022,685000
2022-01-07,WWE Friday Night SmackDown #1169,2271000
2022-01-10,WWE RAW #1494,1632000
2022-01-11,WWE NXT 2.0 #18,647000
2022-01-14,WWE Friday Night SmackDown #1170,2174000
2022-01-17,WWE RAW #1495,1613000
2022-01-18,WWE NXT 2.0 #19,587000
2022-01-21,WWE Friday Night SmackDown #1171,2255000
2022-01-24,WWE RAW #1496,1766000
2022-01-25,WWE NXT 2.0 #20,593000
2022-01-28,WWE Friday Night SmackDown #1172,2217000
2022-01-31,WWE RAW #1497,1865000
2022-02-04,WWE Friday Night SmackDown #1173,2151000
2022-02-07,WWE RAW #1498,1387000
2022-02-08,WWE NXT 2.0 #22,400000
2022-02-11,WWE Friday Night SmackDown #1174,2231000
2022-02-14,WWE RAW #1499,1602000
2022-02-15,WWE NXT 2.0 #23 - Vengeance Day,525000
2022-02-18,WWE Friday Night SmackDown #1175,2173000
2022-02-21,WWE RAW #1500,1825000
2022-02-22,WWE NXT 2.0 #24,612000
2022-02-25,WWE Friday Night SmackDown #1176,2114000
2022-02-28,WWE RAW #1501,1753000
2022-03-01,WWE NXT 2.0 #25,551000
2022-03-04,WWE Friday Night SmackDown #1177,2261000
2022-03-07,WWE RAW #1502,1775000
2022-03-08,WWE NXT 2.0 #26 - Roadblock,613000
2022-03-11,WWE Friday Night SmackDown #1178,2226000
2022-03-14,WWE RAW #1503,1700000
2022-03-15,WWE NXT 2.0 #27,624000
2022-03-18,WWE Friday Night SmackDown #1179,2147000
2022-03-21,WWE RAW #1504,1769000
2022-03-22,WWE NXT 2.0 #28,628000
2022-03-25,WWE Friday Night SmackDown #1180,2180000
2022-03-28,WWE RAW #1505,1979000
2022-03-29,WWE NXT 2.0 #29,626000
2022-04-01,WWE Friday Night SmackDown #1181,2359000
2022-04-04,WWE RAW #1506,2101000
2022-04-05,WWE NXT 2.0 #30,631000
2022-04-08,WWE Friday Night SmackDown #1182,2230000
2022-04-11,WWE RAW #1507,1803000
2022-04-12,WWE NXT 2.0 #31,610000
2022-04-15,WWE Friday Night SmackDown #1183,2142000
2022-04-18,WWE RAW #1508,1647000
2022-04-19,WWE NXT 2.0 #32,569000
2022-04-22,WWE Friday Night SmackDown #1184,1805000
